<?xml version="1.0" encoding="UTF-8" ?>
<!DOCTYPE struts PUBLIC
	"-//Apache Software Foundation//DTD Struts Configuration 2.3//EN"
	"http://struts.apache.org/dtds/struts-2.3.dtd">
<struts>

    <package name="default" namespace="/" extends="struts-default">
	
    </package>

	<package name="users" namespace="/users" extends="default">
		<action name="*_*" class="action.{1}Action" method="{2}">
			<result name="login_success">/users/Users_login_success.jsp</result>
			<result name="login_failure">/users/Users_login.jsp</result>
			<result name="logout_success">/users/Users_login.jsp</result>
			<result name="input">/users/Users_login.jsp</result>
		</action>
	</package>
	
	<package name="studnets" namespace="/students" extends="default">
		<action name="*_*" class="action.{1}Action" method="{2}">
			<result name="query_success">/students/Students_query_success.jsp</result>
			<result name="modify_success">/students/Students_modify.jsp</result>
			<result name="save_success">/students/Students_modify_success.jsp</result>
			<result name="add_success">/students/Students_add_success.jsp</result>
			<!-- 下面的chain是相当于内部转发，chain后面连接的是一个动作，删除成功后跳转到Students查询界面，result中跟的一定是动作不是jsp页面 -->
			<result name="delete_success" type="chain">Students_query</result>
			
		
		</action>
	
	</package>
	
	<package name="Teacher" namespace="/Teacher" extends="default">
		<action name="*_*" class="action.{1}Action" method="{2}">
			<result name="query_success">/Teacher/Teacher_query_success.jsp</result>
			<result name="modify_success">/Teacher/Teacher_modify.jsp</result>
			<result name="save_success">/Teacher/Teacher_modify_success.jsp</result>
			<result name="add_success">/Teacher/Teacher_add_success.jsp</result>
			<!-- 下面的chain是相当于内部转发，chain后面连接的是一个动作，删除成功后跳转到Students查询界面，result中跟的一定是动作不是jsp页面 -->
			<result name="delete_success" type="chain">Teacher_query</result>
			
		
		</action>
	
	</package>

</struts>
